n,m,CM_custo,CM_tempo,AGM_custo,AGM_tempo,FM_custo,FM_tempo
264346,733846,186686642878.00,0.086171,261159288.00,0.165348,691.00,1.054203
321270,800172,295629435062.00,0.093601,435798417.00,0.163459,255.00,0.764632
435666,1057066,1104876702568.00,0.113110,1323900090.00,0.166725,559.00,4.417486
